CompanyID|CompanyName|Address|PhoneNumber|Email|Type
1|King, Parker and Green|"639 Stone Meadow
South Teresastad, CA 58770"|727258453|james91@pennington.com|Barber Shop
2|Oliver, White and Martinez|"63382 Silva Run
Andrewsshire, SC 42620"|333512002|erogers@turner.org|Barber Shop
3|Murray-Arias|"9812 Harris Estates
West Christopherbury, AR 94519"|578886666|swright@garcia.com|Barber Shop
4|Nelson, Leon and Washington|"708 Kenneth Wall
Timborough, AZ 41738"|939943819|raymond97@goodman.com|Barber Shop
5|Davis LLC|"21806 Jeff Plaza
Ashleyland, DC 83794"|844180283|xavierwilliams@adams-castillo.org|Barber Shop
6|Dalton, Rich and Charles|"098 Susan Estates Suite 912
East Christopher, AS 62717"|688420561|sherikent@young.com|Barber Shop
7|Arias-Wilkerson|"9212 Wilson Gateway Apt. 634
South Maxwell, DC 71304"|915480274|warrenbrandy@clay.com|Barber Shop
8|Gregory, Graham and Phillips|"49038 Anderson River Suite 953
Nicholsmouth, GA 29803"|526334052|jillianhall@west-holder.com|Barber Shop
9|Hines-Payne|"9555 Sydney Glen Suite 679
East Dominicland, MN 35489"|772247795|brownralph@thomas-austin.info|Barber Shop
10|Taylor, Goodman and Ho|"531 Mary Plain
West Randyport, DC 14913"|539607730|jacqueline89@walker.com|Barber Shop
11|Lewis, Stafford and Henderson|"361 Green Courts
Silvafort, WY 07356"|309069711|calvinstevenson@nguyen.org|Barber Shop
12|Hendrix-Zamora|"97281 Gates Locks
Dennisstad, NY 58793"|639433824|nelsonapril@mcdaniel-murray.info|Barber Shop
13|Bailey PLC|"0649 Angela Dam
Port Robert, GU 21830"|752553599|david03@knight.info|Barber Shop
14|Garrett, Rojas and Logan|"4500 Koch View
North Amanda, GA 04825"|990621800|kmarquez@brown.info|Barber Shop
15|Martin, Moore and Fisher|"0403 Carolyn Corner
New Lisa, OH 81796"|706659346|dlowe@perry.com|Barber Shop
16|Mueller-Williams|"2562 Carlson Trail
Pinedaside, MI 64939"|166625962|wheelernicole@holmes.info|Barber Shop
17|Griffin and Sons|"18345 Victor Meadow
Whitakershire, NH 84798"|304064164|lisa44@baker.biz|Barber Shop
18|Clark Ltd|"4022 Smith Glens
Port Julie, IA 93472"|344136484|joseph18@brown-donovan.com|Barber Shop
19|Moore, Jimenez and Anderson|"429 Julie Island
Lake Dennis, RI 33652"|796770929|herrerabrittany@kim-lowe.com|Barber Shop
20|Garrison-Adams|"19189 Thomas Crossing Suite 257
West Paulhaven, HI 82465"|151888725|casetricia@harvey.com|Barber Shop
21|Baird, Bell and Lewis|"0963 James Avenue Suite 838
Kristytown, CA 02849"|962103173|tammypierce@henry.com|Barber Shop
22|Patterson, Campbell and Evans|"45581 Martinez Road
Whiteville, RI 27538"|724869654|robinsonkenneth@merritt.info|Barber Shop
23|Jones, Torres and Mathis|"02244 Ryan Meadows Suite 998
Lake Antoniochester, RI 13753"|883161872|ejohnson@miller.net|Barber Shop
24|Johnson, Ballard and Davis|"7941 Brian Crossroad
West Sarah, LA 80321"|712250727|ppena@green.com|Barber Shop
25|Martinez-Ross|"3767 Kyle Streets Apt. 976
Lake Jenna, AL 10651"|854078458|nmorris@morgan-erickson.com|Barber Shop
26|Williams-Velazquez|"691 Joanna Camp
Gregorymouth, MI 11792"|812068827|brittany35@carey.com|Barber Shop
27|Mitchell Inc|"3213 Mark Summit
Shelbyport, TN 60597"|443094706|qterry@douglas.com|Barber Shop
28|West, Lucas and Hoffman|"7143 Rodriguez Crossroad
Janetmouth, OH 84751"|598565899|zgarcia@davenport.com|Barber Shop
29|Wright, Randolph and Robinson|"79668 Carolyn Fields
Washingtonfort, IA 21469"|817907279|scott59@parker-cruz.org|Barber Shop
30|Green, Gordon and Davis|"52245 Jackson Vista Apt. 398
Jasonbury, NM 95384"|796070991|xwells@ryan-woods.com|Barber Shop
31|Brewer, Johnson and Kim|"804 Michael Ranch Apt. 216
Lake Nicholasfurt, FL 53010"|888390075|michael36@johnson-shaffer.com|Spa & Wellness Center
32|Owen, Pacheco and Boyer|"6702 Allen Estates
Hunterfurt, IL 84294"|386553868|norma94@palmer.info|Spa & Wellness Center
33|Briggs, Smith and Ramirez|"0725 Roger Burgs Suite 719
Patrickton, KS 38652"|330967403|sanchezpenny@cook-herrera.com|Spa & Wellness Center
34|Keller-Oliver|"5952 Benjamin Union Apt. 486
North Travisport, MN 71739"|422357337|barrettchelsea@galloway.com|Spa & Wellness Center
35|Davenport, Williams and Scott|"Unit 3590 Box 2786
DPO AE 02857"|413429711|alex40@mcdonald.biz|Spa & Wellness Center
36|May Inc|"18196 Hines Roads Apt. 729
North David, RI 95842"|917711002|waderandall@johns.info|Spa & Wellness Center
37|Cruz LLC|"5407 Walton Canyon Suite 961
Hebertview, NV 93596"|678224700|thomasjennifer@miller.com|Spa & Wellness Center
38|Fisher Inc|"49610 Jennifer Port Apt. 292
Lake Josephfort, NE 93140"|405407091|bowmannicole@neal.com|Spa & Wellness Center
39|Scott, Case and Schmidt|"8123 Vega Dam Apt. 268
Carrieberg, OH 86706"|965970390|tanderson@simon.net|Spa & Wellness Center
40|King, Scott and Pena|"55792 Christina Mews
Stevenhaven, IA 28066"|810814784|qthornton@allen.com|Spa & Wellness Center
41|Herrera, Bailey and Thompson|"18151 Kramer Keys Apt. 994
Port Dawn, IA 62128"|613766060|lynchmichael@rowe.com|Spa & Wellness Center
42|Arnold-Brown|"9442 Sandra Roads
West Kimberlytown, WI 03777"|260914451|cmartin@johnson.com|Spa & Wellness Center
43|Gonzalez-Sweeney|"425 Jennifer Well Apt. 728
South Benjaminhaven, OK 50124"|532716686|bcampbell@barnett-wilson.com|Spa & Wellness Center
44|Miller-Hansen|"8090 Gray Ferry Apt. 118
South Gregory, IL 32655"|928759221|bobbycooper@jones-anderson.info|Spa & Wellness Center
45|Pearson-Miller|"3710 Jon Drive
North Sarah, AK 64507"|515350284|jason69@may-ellis.com|Spa & Wellness Center
46|Higgins-Phillips|"5892 Rivers Cliffs
West Deborah, AL 74612"|957905142|erodriguez@moody.net|Spa & Wellness Center
47|Wise, Wilson and Richmond|"895 Lopez Locks
West Adrianaborough, GA 15087"|332310392|lunakathryn@fowler-fry.org|Spa & Wellness Center
48|Campos, Fuller and Atkinson|"5051 Jefferson Crossing Apt. 334
North Nancymouth, NV 40062"|516378614|gregorythomas@martin.com|Spa & Wellness Center
49|Miller, Choi and Palmer|"5316 Christina Crest Apt. 387
Port Julia, NY 51231"|930875009|youngyvette@daniel.net|Spa & Wellness Center
50|Robertson, Arnold and Murray|"5428 Henry Place
Christinefort, OK 38512"|364516716|thompsonsarah@russell-gray.biz|Spa & Wellness Center
51|Simmons, Sampson and Rodriguez|"641 Laurie Plain
New Stevenburgh, AR 25532"|831676205|colliervalerie@ortiz.com|Spa & Wellness Center
52|Davis-Bailey|"638 Carter Knolls Suite 498
East Kayla, CA 60630"|828845554|michael93@esparza-smith.com|Spa & Wellness Center
53|Aguirre-Williams|"4261 Fox Islands Suite 090
Port Samanthamouth, TX 01786"|630754909|williamenglish@chapman-larsen.com|Spa & Wellness Center
54|Crane LLC|"3404 Stacy Wells Apt. 469
Julieview, IA 86745"|832064232|simonelizabeth@holden-gonzalez.biz|Spa & Wellness Center
55|Smith Ltd|"746 Russell Lock
Stevenshire, NE 80726"|526652650|emily84@torres.com|Spa & Wellness Center
56|Murphy and Sons|"0079 Sanders Mall Suite 226
Lake Pamela, GU 38407"|193756967|schaeferstephen@klein.org|Spa & Wellness Center
57|Perkins-Smith|"4800 Hayes Dale Apt. 834
Tammyview, AL 71881"|762159181|samuelnichols@baker.org|Spa & Wellness Center
58|White-Shaw|"230 Susan Path Suite 378
Port Brenda, PR 12820"|148671452|scott34@porter-robinson.com|Spa & Wellness Center
59|Zimmerman Ltd|"7731 Hunter Locks Apt. 322
Russellfort, MO 97747"|184230096|jennifer47@miller.net|Spa & Wellness Center
60|Kemp Ltd|"2969 Frederick Lodge
Ramostown, NJ 62864"|594014515|zgrimes@moody-johnson.org|Spa & Wellness Center
61|Vasquez LLC|"610 Allison Station Suite 987
Collinsburgh, HI 82302"|963397483|chrislarson@lam.net|Beauty Salon
62|Mason PLC|"520 Melissa Causeway Apt. 384
Rossland, IL 56289"|527766372|rebeccaflores@mercer.com|Beauty Salon
63|Carney-Adkins|"052 Richard Causeway
Garciaborough, WV 19866"|627907075|erik22@powell.com|Beauty Salon
64|Dorsey, Cline and Howard|"7959 Charles Burg
Hamiltonton, KS 44648"|362125500|shirleyedwards@glover-allen.com|Beauty Salon
65|Lucas-Mayer|"4796 Becker Rapids Suite 030
New Kelly, WY 50026"|835576929|vbrown@barnes.com|Beauty Salon
66|Price LLC|"68483 Erik Street Apt. 226
Jacksonshire, TN 54714"|583944346|igreen@skinner.com|Beauty Salon
67|Obrien Ltd|"5860 Melissa Forest
Washingtonshire, MA 96637"|342687875|bakerdean@conley.com|Beauty Salon
68|Myers, Jones and Campbell|"454 Mary Throughway Apt. 807
Gonzaleschester, NV 04038"|207199114|sean39@riddle.com|Beauty Salon
69|Ward PLC|"3008 Cooper Brook Apt. 960
Jenniferstad, DE 51548"|856154357|manningtravis@wade-obrien.com|Beauty Salon
70|Wright-Moore|"Unit 5305 Box 2900
DPO AP 09409"|673655483|brian60@blanchard.com|Beauty Salon
71|Keith-Graham|"70449 Thornton Rapids
North Victoriaport, SD 32427"|159060325|mvargas@osborne-moore.org|Beauty Salon
72|Butler Inc|"76060 Chavez Lodge
Andersonburgh, PA 27166"|140364306|susan88@hernandez-adams.com|Beauty Salon
73|Diaz, Gentry and Parker|"795 Tammy Track Apt. 636
North Cassandramouth, OK 10888"|918927120|angelagibbs@miller.net|Beauty Salon
74|Beasley-Day|"26932 Laura Villages
Nolanview, OH 95519"|212921956|dawn13@harrison.org|Beauty Salon
75|Myers, Meyer and Valenzuela|"9804 Allison Court Apt. 268
Perryville, MS 89999"|525438078|carlsonerin@sanchez.com|Beauty Salon
76|Brown, Davis and Stephens|"7103 Leblanc Park
Maryville, SD 45999"|209564590|veronicabranch@hernandez.info|Beauty Salon
77|Heath, Evans and Smith|"387 Daniel Isle
Lynchborough, IA 98800"|277701857|qharrell@lee.net|Beauty Salon
78|Cameron Inc|"691 Rodriguez Plains
Scottchester, AK 22438"|869284636|kevin21@lopez.com|Beauty Salon
79|Rivera, Meyer and Benitez|"USNS Aguirre
FPO AE 46827"|645228674|walkereric@reynolds.com|Beauty Salon
80|Davis and Sons|"820 Dennis Isle
Meghanfurt, CA 58941"|965866229|kylejackson@alvarado-garcia.com|Beauty Salon
81|Roman, Thompson and Lamb|"6817 Richard Plains Apt. 196
West Nicolestad, DC 36377"|304885983|debra37@jarvis.net|Beauty Salon
82|Simpson-Mercado|"1803 Bailey Fork
Karenfort, MD 06091"|567469797|andrewreid@chambers.com|Beauty Salon
83|Salazar-Ramos|"81344 Elizabeth Extension
New Rebeccaborough, CA 99320"|664077535|cliffordswanson@gray.org|Beauty Salon
84|Jones-Smith|"7898 Micheal Burgs
Bookerland, PR 44244"|917831653|reedjohn@jones.com|Beauty Salon
85|Chavez-Boyd|"134 Hall Fort
North Ryan, WI 43616"|258233487|suttonnicole@kelly-best.net|Beauty Salon
86|Hanson, Brown and Yu|"374 Holt Summit Apt. 002
Lake Sheilaland, VI 97908"|371094852|shannonmedina@martinez.com|Beauty Salon
87|Martinez, Bowen and Phillips|"1033 Allen Alley
New Michaelland, TN 80837"|476300943|tesparza@turner.com|Beauty Salon
88|Allen PLC|"1759 Sanders Corners Suite 851
Port Miguel, VI 80566"|224250219|perezricky@rodriguez.info|Beauty Salon
89|Daniel-Wright|"524 Smith Ports
Nancyfort, HI 68733"|121649359|fcampbell@james-nunez.info|Beauty Salon
90|Russell Group|"82668 Allen Roads Apt. 363
Christophershire, LA 18522"|727333555|grantrebecca@jones.com|Beauty Salon
91|Ballard, Lopez and Roberts|"2021 Smith Pines
South Lindsaytown, RI 21155"|290537042|coreyfrank@jones.com|Aesthetic Clinic
92|Park, Moore and Phillips|"71089 Robinson Alley
East Oscarmouth, FL 33707"|248994446|richard96@spence.net|Aesthetic Clinic
93|Byrd-Carson|"9837 Christina Course
Robertport, MI 18601"|519779159|adam29@george.net|Aesthetic Clinic
94|Bernard LLC|"Unit 5971 Box 6872
DPO AP 76978"|132084524|uprice@woods.info|Aesthetic Clinic
95|Bauer, Shaffer and Baldwin|"Unit 5476 Box 4177
DPO AA 55259"|157987916|annaalexander@knapp.com|Aesthetic Clinic
96|Dunn-Diaz|"2752 Thomas Mountain Suite 542
New Sarah, KS 82168"|837837693|natasha87@brock.com|Aesthetic Clinic
97|Baker Group|"19459 Mejia Branch Apt. 397
Michaelfurt, FL 31630"|862640077|boydscott@newton.org|Aesthetic Clinic
98|Perry, Harrison and Ramirez|"16724 Hart Course
South Williamburgh, NY 21985"|408060478|lball@wilcox.com|Aesthetic Clinic
99|Woodward-Lopez|"859 Tina Fields Suite 565
New Kathleen, NJ 82621"|605605701|perezheather@mills-jensen.com|Aesthetic Clinic
100|Robinson PLC|"130 Daniel Inlet Apt. 622
Millerborough, MP 51457"|618792477|rwhite@cabrera-watkins.com|Aesthetic Clinic
101|Clark Ltd|"7559 Matthew Prairie
New Keithton, TN 03735"|381351459|leahstevens@nguyen.com|Aesthetic Clinic
102|Walker, Donaldson and Harris|"374 Mitchell Centers Suite 892
Colonside, AS 85558"|164918080|christopher79@alexander.com|Aesthetic Clinic
103|Mitchell-Haney|"048 Peter Court
New Tammyland, MD 35915"|553676737|kingjohn@burns.biz|Aesthetic Clinic
104|Houston Ltd|"063 Paula Curve Apt. 227
Belindahaven, NY 23249"|354498821|emooney@mcknight.biz|Aesthetic Clinic
105|Gonzalez, Ramos and Bryant|"45303 Rivera Gardens
East Morgan, ID 61872"|930034769|harrellashley@garcia.biz|Aesthetic Clinic
106|Ritter and Sons|"49460 Doyle Highway
Christophermouth, DC 31988"|211164182|rebecca26@lee-underwood.info|Aesthetic Clinic
107|Smith Inc|"40454 Timothy Ramp
North Steven, CO 22635"|300950712|susanlong@wolf.org|Aesthetic Clinic
108|Gutierrez, Dennis and Hunt|"12476 Davis Expressway Suite 631
Barbaramouth, VI 93920"|790826842|padams@vincent.com|Aesthetic Clinic
109|Davis and Sons|"4279 Gross Cliffs
East Brookemouth, NV 91539"|148629153|brian38@white.com|Aesthetic Clinic
110|Sanchez Ltd|"366 Morgan Meadow Suite 846
Burgessfurt, PR 16931"|829054175|rhenderson@chambers-harris.org|Aesthetic Clinic
111|Adkins-Butler|"76020 Hancock Bridge Suite 178
Lake Amanda, GU 16887"|392327852|jeffreyvaughan@maxwell.com|Aesthetic Clinic
112|Miller, Newman and Bullock|"7389 Robert Oval Suite 675
West Tanyaburgh, MT 91954"|182869057|steeleamy@turner.com|Aesthetic Clinic
113|Wood-Allen|"2784 Kane Oval
Wilkinsonmouth, MD 45845"|514301617|jameswilliams@moore.info|Aesthetic Clinic
114|Price Ltd|"35399 Robert Brook
Lake Danielville, WI 55340"|781495919|zcalhoun@mitchell-ellis.info|Aesthetic Clinic
115|Benson-Li|"66430 Smith Valleys Apt. 271
Port Micheleberg, NY 68351"|942332522|jason90@martinez.info|Aesthetic Clinic
116|Wilson-Benjamin|"129 Kelley Lane Apt. 621
Arielbury, MA 14571"|920151755|davidlittle@weaver.org|Aesthetic Clinic
117|Martinez Inc|"7981 Jones Views Apt. 084
Lake Monica, CA 39856"|768418766|annette01@mayer-rodriguez.com|Aesthetic Clinic
118|Herring Inc|"084 Pamela Track
Meganfort, MP 22379"|517893567|erikajones@lewis-oneal.biz|Aesthetic Clinic
119|Morales, Palmer and Banks|"011 Hansen River Suite 882
Davidside, PW 45430"|917061939|clarkjared@lopez.com|Aesthetic Clinic
120|Thomas and Sons|"609 Washington Mountain
New Tina, WV 95767"|220710654|hansonmichael@bailey.biz|Aesthetic Clinic
121|Miller-Hill|"187 Erika Corner
Johnsonville, SC 47534"|584602391|kaitlynromero@olson.com|Gym
122|Singh Ltd|"4894 Smith Port Suite 086
New Meganbury, CT 38631"|888376081|brittanyyoung@graves-randall.com|Gym
123|Baker Group|"486 Sherman Walk
South Melissa, MA 85567"|812691948|hmorgan@coleman.com|Gym
124|Kramer-Washington|"USCGC Roberts
FPO AE 93478"|954330045|margaretreid@moore.com|Gym
125|Peters-Wilson|"629 Jessica Hill Apt. 441
Lake Matthew, NC 94046"|479669343|christopherturner@young-riley.com|Gym
126|Herrera, Blair and Gilbert|"1884 Julie Underpass
Butlerhaven, MD 35110"|304811720|millerkeith@turner.com|Gym
127|Silva, Jones and Terry|"690 Jessica Keys
West Ryanburgh, MD 38719"|295583667|douglas70@holmes-hess.net|Gym
128|Martinez Group|"5761 Curtis Radial Suite 210
West Michael, SC 41262"|260332448|josephesparza@golden.info|Gym
129|Shepherd-Bush|"9776 Mary Villages
Hernandezchester, AZ 69264"|895996402|acook@hawkins.com|Gym
130|Rodriguez and Sons|"670 Michelle Light Suite 212
New Emily, MI 82618"|496440952|lfriedman@bennett.com|Gym
131|Hess and Sons|"9157 Samantha Fields
Lorraineshire, CO 93986"|962873341|hoganstephen@mcmillan.com|Gym
132|Fernandez LLC|"23900 Ross Brook Suite 926
Lisastad, ID 35760"|943531068|mcastillo@fernandez.com|Gym
133|Santiago Inc|"27017 Heather Heights
East Kylebury, ID 84859"|606134495|jennifer23@ferguson.com|Gym
134|Brown-Kidd|"15090 Susan Cape
Smithshire, TX 49274"|758019188|loganbenjamin@martinez.com|Gym
135|Good Inc|"PSC 4946, Box 0131
APO AA 76366"|836206923|yhall@carroll.org|Gym
136|Wright-Duffy|"86230 Palmer Creek Suite 598
North Brettton, FM 19836"|454779746|mthompson@mills.com|Gym
137|Knight-Werner|"8124 White Course Apt. 468
Port Dominique, LA 74058"|119456804|alexander65@woods-dodson.com|Gym
138|Newman Group|"246 Tamara Junctions Apt. 163
East Jordanburgh, SD 47218"|350381990|brian97@cobb-nelson.com|Gym
139|Adams-Williams|"7825 Johnson Unions Apt. 239
Lake Stephen, MN 60073"|909569990|annarodriguez@white.com|Gym
140|Contreras, Carr and Rogers|"95308 Bryant Spring Apt. 439
Amandaberg, RI 34656"|588382191|bradleytamara@thompson.com|Gym
141|Herman, Murphy and Turner|"62347 Robert Gateway Apt. 020
Port Samanthabury, MN 71327"|998618487|rrichardson@barton.info|Gym
142|Thomas, Walker and Cameron|"PSC 0913, Box 5515
APO AE 44973"|677786950|richardbrown@austin.com|Gym
143|Schneider LLC|"3958 Hamilton Viaduct Suite 944
Port Isaacchester, WI 82662"|449199981|thomas18@vasquez-moore.com|Gym
144|Williams Ltd|"1945 Conley Ports
Port Meganfurt, MS 65774"|348667830|rboone@kidd.com|Gym
145|Johnson-Smith|"76968 Rowe Forest
Millsstad, NV 49695"|274807527|lperez@smith.com|Gym
146|Jones-Johnson|"6638 Stephanie Loaf Apt. 771
Hernandezville, TN 76968"|325048454|morriserin@ortiz.biz|Gym
147|Grant, Christian and Graham|"6333 Kelly Dale Apt. 835
Garciaberg, DC 43139"|364739962|cynthia89@mcdonald-bridges.com|Gym
148|Schwartz Ltd|"USNV Ramsey
FPO AA 68869"|450682616|owensedward@green.com|Gym
149|Kim-Jones|"7873 Mike Hollow Suite 750
South Sandra, NY 48167"|973567182|jameskeller@miranda-hill.com|Gym
150|Johnson-Coleman|"24540 David Squares Suite 035
Nathanberg, NC 48452"|882641530|ellisjoshua@harvey.com|Gym
151|King, Diaz and Lowe|"918 Shannon Gateway
South Carolborough, IN 31246"|123201507|martin29@morris-shaw.org|Dental Clinic
152|Ayala-Coleman|"PSC 9385, Box 0832
APO AA 46815"|659401386|rmaxwell@scott.info|Dental Clinic
153|Figueroa PLC|"Unit 5793 Box 7274
DPO AP 28854"|246361486|ahaynes@hudson-hart.com|Dental Clinic
154|Atkins PLC|"9853 Dana Route Suite 231
Wintersfort, WY 69577"|459614233|qroberts@bond.com|Dental Clinic
155|Wallace-Ross|"0509 Timothy Courts
Kanefurt, DE 61219"|965681037|howelltimothy@terry-mercado.com|Dental Clinic
156|Fernandez, Rice and Taylor|"27021 Michelle Forks
North Randy, NV 40792"|515988022|harriskathryn@roberts.biz|Dental Clinic
157|Castillo-Lester|"Unit 3024 Box 7342
DPO AA 30472"|244626727|nancy50@blair.net|Dental Clinic
158|Johnson-Lang|"008 Kelsey View Suite 610
East Donnatown, AR 93365"|396090408|ronniebutler@perkins-gillespie.net|Dental Clinic
159|Crane LLC|"326 Victoria Stravenue Apt. 683
Tomstad, HI 24364"|445751730|cnorton@paul.com|Dental Clinic
160|Campbell, Sutton and Jones|"Unit 5551 Box 8026
DPO AP 01694"|997167191|nicolewright@drake-jackson.org|Dental Clinic
161|Gates-Gonzalez|"237 Harrison Pass
Port Randallland, PA 03256"|932944770|vanessahoward@kaiser.com|Dental Clinic
162|Thompson-Miller|"93902 Willie Pike Apt. 616
Tinaton, OR 39197"|560903560|amber00@olson.net|Dental Clinic
163|Marsh-Richardson|"74275 Mendez Via Apt. 775
Port Tiffany, CA 30810"|735501331|jessica21@miller-horne.com|Dental Clinic
164|Morales-Perez|"00888 Kenneth River Apt. 332
Kingmouth, NY 46784"|641560576|rlopez@lynch.com|Dental Clinic
165|Norton, Lopez and Glover|"73752 Travis Prairie Suite 770
New Zacharyview, GA 65381"|829609246|jasonsloan@price.com|Dental Clinic
166|Sullivan-Austin|"34010 Edward Prairie Suite 025
New Morgan, WV 65686"|372791928|laura83@smith-gonzalez.com|Dental Clinic
167|King, York and Carlson|"82151 William Light Suite 543
North Donald, AK 59751"|878674551|steven69@horne-stewart.org|Dental Clinic
168|Baker LLC|"854 Shawn Mountain Suite 107
New Erica, AK 82083"|956007267|monica31@good.com|Dental Clinic
169|Odonnell Ltd|"40280 Jones Roads
South Jenniferton, HI 21801"|947185274|hjohnston@evans-li.com|Dental Clinic
170|Cox Ltd|"3046 Heidi Cliff
Wardfurt, DC 38065"|537950023|jameshumphrey@ellis.com|Dental Clinic
171|Barton Group|"22989 Edwards Street
Davidfurt, MS 07061"|148433748|derrickbarker@ruiz.net|Dental Clinic
172|Velez-Bradford|"56147 Winters Turnpike Apt. 259
Brandonbury, HI 99625"|928830265|louis26@stone.info|Dental Clinic
173|Miller Ltd|"PSC 6744, Box 1495
APO AA 76578"|447371073|ryan26@benjamin.biz|Dental Clinic
174|Hernandez-Thompson|"17003 Tony Cove Apt. 743
Port Melissachester, ME 12246"|482132337|thompsonlauren@blanchard-miller.com|Dental Clinic
175|Lowery PLC|"22195 Charles Vista Suite 325
East Jennifer, LA 56404"|645101016|ucummings@anderson-lewis.com|Dental Clinic
176|Mckay-Smith|"90911 Rachel Loaf Suite 832
Goodwinside, IN 92170"|935037526|robert29@sampson.com|Dental Clinic
177|Phillips-Williams|"63478 Cassandra Squares Apt. 391
Shanehaven, NM 10199"|951396608|mschultz@fleming-bates.com|Dental Clinic
178|Clarke-Gomez|"4214 Morris Wells
West Edwin, FM 68939"|205731004|rebeccaedwards@lopez.com|Dental Clinic
179|Lamb-Williams|"7435 Michael Mills Apt. 250
South Jamesstad, DC 43631"|358222904|michellehunter@white-patel.com|Dental Clinic
180|Washington-Francis|"6456 Schwartz Junctions Apt. 534
Lake Erin, DC 62321"|119230659|natalie17@ibarra.com|Dental Clinic
181|Cooper Inc|"789 Carter Heights
North Kyleview, KY 19861"|586984410|marilyn54@donaldson.com|Counselling Center
182|Smith, Espinoza and Gutierrez|"50634 Kelley Dam
East Christian, DE 01231"|257519419|elizabethdrake@schmidt-kirk.com|Counselling Center
183|Parsons Inc|"727 Karen Pass Apt. 535
South Virginia, GA 01807"|683340433|nmullins@owen-sharp.com|Counselling Center
184|Gonzalez-Espinoza|"325 Erin Row
North Veronicaview, KS 68214"|720000473|bethklein@fry.com|Counselling Center
185|Robinson, Sims and Morgan|"USS Jordan
FPO AE 69365"|775921098|kelseyhudson@jones.biz|Counselling Center
186|Nash Ltd|"42211 Megan Springs
West Kelseyshire, HI 03303"|771370868|hhernandez@reyes.com|Counselling Center
187|Webb-Rodriguez|"853 Mary Gateway
Lake Joshuafort, ID 59953"|991458041|danielrobinson@keller.org|Counselling Center
188|Cooper, Myers and Kelly|"44024 Lauren Mews Apt. 909
East Timothychester, WY 56417"|647693178|wilsonvanessa@davenport-haynes.com|Counselling Center
189|Bowman, Faulkner and Lowe|"0664 Rodney Common Apt. 029
Port Amyberg, VI 30754"|313194124|johnmartin@jackson.org|Counselling Center
190|Frederick Group|"USNV Jones
FPO AP 03308"|580322398|parkerjason@davis.com|Counselling Center
191|Guerrero, Zimmerman and Ramsey|"4464 Jill Way Suite 857
Joshuaport, ND 15467"|504370613|danielmartinez@novak.info|Counselling Center
192|Garner-Sparks|"813 Richardson Mews
Port Krystalfurt, MA 35457"|887259576|mariaward@stone.com|Counselling Center
193|Olson, Taylor and Sutton|"PSC 9834, Box 7818
APO AA 82970"|990789889|tfarmer@knight.com|Counselling Center
194|Boyd-Fletcher|"84808 Brett Ridges Suite 294
Castillofort, AL 08699"|521142030|isabella81@gordon-wagner.org|Counselling Center
195|Rios-Robertson|"3543 Michael Green Suite 673
Gallegosshire, WY 66894"|767059358|conwayadam@hess-pineda.net|Counselling Center
196|Robinson PLC|"5316 Michelle Brook
Port Kevinside, OH 90046"|365633165|davidmcbride@smith.biz|Counselling Center
197|Conrad, Harrington and Ford|"6000 Danielle Plains Apt. 677
Hayesshire, VI 13091"|198641840|adriennewhite@harris.com|Counselling Center
198|Barker, Velasquez and Ruiz|"713 Kayla Shores
Christinashire, NM 11633"|381749537|ybrooks@smith.com|Counselling Center
199|Zimmerman, Garrett and Stevens|"0348 William Harbor
Hammondbury, TX 90256"|242446976|bchapman@rich-shelton.com|Counselling Center
200|Bush PLC|"PSC 2057, Box 1529
APO AP 03854"|938221854|ramirezgail@martinez.info|Counselling Center
201|Shelton-Johnson|"398 Collins Center Suite 654
Reyeshaven, IA 86751"|350599054|weisssusan@white-rush.info|Counselling Center
202|Gomez-Walker|"16531 Ana Mews Suite 596
East Sophia, MI 74935"|688364566|riveraroger@fleming.info|Counselling Center
203|Cohen-Ramirez|"7716 Russell Unions Suite 845
Christinaton, PR 60206"|918265705|uwright@cooper.info|Counselling Center
204|Gibson-Simpson|"5695 Michael Walk Suite 965
New Brendaville, IN 87365"|235582399|scottherman@kelly.com|Counselling Center
205|Berry Inc|"441 Stafford Well
South Jordanfurt, PA 34702"|592272169|greenchristina@buchanan-kim.info|Counselling Center
206|Cortez, Vargas and Romero|"28069 Hernandez Burg Suite 390
Jessicaton, OH 83023"|698360060|fbradley@collins-thompson.info|Counselling Center
207|Tucker, Graham and Garcia|"6225 Gabriel Corner
Smithberg, GU 32002"|780602068|marshallricky@mendoza-lewis.org|Counselling Center
208|Ellis, Young and Alexander|"269 Amy Circles Suite 895
Brittanyburgh, ID 84881"|429829907|lewistara@cox-roberson.com|Counselling Center
209|Sawyer LLC|"0379 Melissa Cape Apt. 718
Port Sylviafort, IL 87876"|449265208|christopher22@foster-townsend.info|Counselling Center
210|Carroll, Rogers and Becker|"70095 Randolph Springs Apt. 112
Morenochester, MI 17986"|775004101|christiangilbert@williams.com|Counselling Center
211|Mitchell-Ellis|"8416 Hernandez Prairie Suite 545
Port Xavier, IL 71190"|302410576|mary86@lindsey.com|Educational Institute
212|White, Perry and Jacobs|"55550 Li Crescent
North Marieville, MO 84842"|877923301|christopher23@todd-brooks.com|Educational Institute
213|Robinson, Morton and Cherry|"061 Scott Squares
West Troy, GU 10011"|543482130|caseyjohnson@miller.com|Educational Institute
214|Miller Ltd|"32766 Elizabeth Port Suite 445
Coleshire, TX 70249"|567351486|catherinemoore@gilmore-daniels.com|Educational Institute
215|Jones, Blackburn and Ware|"764 Billy Viaduct
Port Peter, AK 35226"|437449716|xfernandez@morales.com|Educational Institute
216|Stewart, Small and Phillips|"0640 Patrick Grove Suite 095
Wolfstad, IL 22634"|126044802|baileysherry@gilbert.com|Educational Institute
217|Jackson Inc|"080 Harris Haven Suite 274
Alexisville, DE 16731"|527302296|kjones@dorsey.com|Educational Institute
218|Harris, Hartman and Brewer|"2856 Brianna Meadows
Lake Ryan, SC 61828"|165059283|krosales@watkins.com|Educational Institute
219|Hunter LLC|"57979 Hernandez Union
Randystad, DC 29397"|347860480|shane47@patterson-rivera.com|Educational Institute
220|Clements-Evans|"664 Catherine Estate Apt. 574
Savannahport, ME 20374"|625860834|jalexander@wells.org|Educational Institute
221|Baldwin-Gill|"101 Hawkins Garden
Port Clinton, GA 91345"|243533121|sarahwilson@hughes.org|Educational Institute
222|Steele-Durham|"265 Zachary Garden Suite 965
West Melissa, NC 16498"|325221395|travis40@riley-wilson.com|Educational Institute
223|Santiago-Thomas|"24070 Martinez Alley Apt. 219
West Michael, GA 42370"|307364537|richardburns@morales.info|Educational Institute
224|Leach PLC|"21850 Brittany Trace Suite 846
Port Alexisview, NJ 76247"|414153539|ohicks@esparza.biz|Educational Institute
225|Kelly-Lewis|"37645 Evans Underpass Suite 384
Port Samanthastad, IL 85917"|608835969|xaviermckenzie@west.info|Educational Institute
226|Taylor, Lee and Johnson|"533 Dennis Fall
Stevenhaven, NE 99351"|689320891|andrewbell@hunter-dorsey.com|Educational Institute
227|Johnson Inc|"8859 Jeffrey Extensions
Howardton, VA 31286"|576827701|lamvanessa@simpson.biz|Educational Institute
228|Evans-Michael|"PSC 2987, Box 6682
APO AA 16761"|147763043|berryleslie@peterson-burnett.org|Educational Institute
229|Camacho and Sons|"223 Joshua Lock
Lake Lauren, WI 57126"|788997830|fhunt@middleton.com|Educational Institute
230|Young, Harmon and Ortega|"Unit 9590 Box 3446
DPO AE 38799"|987042208|stephenfitzgerald@jackson.com|Educational Institute
231|Moore-Dixon|"USNV Collins
FPO AE 77420"|966631693|jacobtaylor@johnson.com|Educational Institute
232|Hernandez Inc|"80495 Morrison Causeway
Nancyfort, IA 79700"|699906318|xgutierrez@baker-henderson.com|Educational Institute
233|Rodriguez-Dixon|"5264 Delgado Pine Suite 585
Maryland, TX 54381"|481810567|josemartin@garcia-parker.net|Educational Institute
234|Ward PLC|"70002 West Pike
West Gilberttown, ME 09048"|254339034|crystalsanchez@johnson-may.com|Educational Institute
235|Nixon-Flores|"Unit 6586 Box 1430
DPO AE 28307"|608936691|nmejia@snyder.info|Educational Institute
236|Bernard, House and Torres|"3970 Cook Run Suite 438
North Stacytown, MH 90250"|870158019|patriciamoreno@bernard.com|Educational Institute
237|Richardson, Baker and Cook|"29222 Gregory Street Suite 712
New Samanthamouth, AL 81757"|279152390|ulopez@chang-oneal.biz|Educational Institute
238|Sanchez and Sons|"922 Bass Vista Suite 783
South Johnview, SC 15475"|245087156|andersonjason@phillips-turner.com|Educational Institute
239|Wilkerson, George and Wheeler|"2161 Ryan Flats Suite 140
Port Erica, MH 17730"|827195258|rushwhitney@patterson.com|Educational Institute
240|Bailey PLC|"55219 Holly Meadow Apt. 832
West Amandaport, ND 34313"|454857919|mossdavid@burton.com|Educational Institute
241|Foster, Shelton and Clark|"16343 Anderson Greens Suite 363
South Anthonymouth, ID 34545"|947845446|rodriguezjohn@king.com|Photography Studio
242|West LLC|"030 Mcconnell Roads Suite 058
West Jackberg, GU 98536"|707948737|timothyadams@robinson.com|Photography Studio
243|Daniels-Robinson|"Unit 8729 Box 0336
DPO AE 77981"|137728255|jerry72@mcmahon-edwards.com|Photography Studio
244|Steele, Munoz and Garcia|"4766 Walker Lights
South Ryanton, MI 53267"|503338400|geoffreynguyen@fuller.org|Photography Studio
245|Cooper-Cooper|"74403 Victoria Wall Suite 180
New Donaldmouth, DE 69336"|180943514|iclark@cardenas-james.net|Photography Studio
246|Johnson PLC|"752 Jacob Isle
Jodyview, MS 45028"|721942450|robinsonwendy@stein.org|Photography Studio
247|Davis, Davis and Torres|"Unit 4613 Box 3598
DPO AE 57727"|713158948|allisonmorgan@cooper-malone.info|Photography Studio
248|Schultz PLC|"4138 Donald Drive Apt. 270
New Eileenberg, CO 97730"|495571149|evansmorgan@castillo.com|Photography Studio
249|Harper LLC|"36392 Garcia Circles
Gayberg, MS 51621"|317070365|kellybrowning@perez.com|Photography Studio
250|Peterson-Hampton|"Unit 6034 Box 8403
DPO AA 81017"|167357628|perezjennifer@sullivan.com|Photography Studio
251|Romero-Rocha|"77881 Frazier Bridge
South Alex, GU 06179"|431600046|mturner@brock-frye.info|Photography Studio
252|Williams Inc|"698 Ellen View
North Susan, AR 62763"|453528871|marcfoster@baker.com|Photography Studio
253|Maddox, Chung and Wilson|"843 Raymond Coves
East Peterborough, OH 91770"|341074816|jacob52@beck.com|Photography Studio
254|King-Allen|"789 Ashley Rapid
East Susan, WA 54326"|484169863|theresabailey@barker.net|Photography Studio
255|Wood-Townsend|"USNV Brown
FPO AE 40279"|938435613|hannacameron@chan.com|Photography Studio
256|Baker, Buchanan and Villanueva|"1974 Rubio Walk Suite 018
East Patrick, AZ 83230"|683936064|latashaobrien@mckinney.com|Photography Studio
257|Gibson Ltd|"PSC 8659, Box 9642
APO AA 44064"|978598888|cynthiajackson@anderson.com|Photography Studio
258|Livingston LLC|"1421 Andrew Oval Apt. 495
South Richardland, AL 69177"|749299855|christinamartinez@suarez.biz|Photography Studio
259|Chen, Beasley and Kramer|"768 Henderson Crescent
Rebeccamouth, OH 40141"|200652071|aporter@kaufman.net|Photography Studio
260|Martin-Sparks|"13428 Dawn Passage Suite 352
North Rogerview, MP 67618"|678774779|andre81@may-avila.com|Photography Studio
261|Osborne and Sons|"Unit 0796 Box 1584
DPO AE 26867"|690325148|vburns@moore.com|Photography Studio
262|Lin-Young|"6285 Garcia Plain
Lake Christopherfurt, WY 10592"|553424163|taylor28@bowen-johnson.net|Photography Studio
263|French-Johnson|"57850 David Port Suite 947
West Carlabury, PR 94229"|287278148|victoriabrown@rodriguez.com|Photography Studio
264|West, White and Peters|"Unit 6259 Box 5032
DPO AP 55396"|481651045|teresajohnson@johnson.com|Photography Studio
265|Gutierrez LLC|"3455 Jackson Lodge
East Danielborough, MN 64843"|693940261|sherrirosario@hicks-martin.biz|Photography Studio
266|Edwards, Romero and Barber|"2168 Ingram Circle
Port Eduardoside, AS 25461"|409362439|joneskaylee@russo.com|Photography Studio
267|Jones Group|"0359 Jason Ridges
South Cynthialand, CA 45987"|514217087|yking@ward.org|Photography Studio
268|Johnson-Pollard|"2785 Austin Village Apt. 487
Port Josephview, WY 97536"|756814959|andrew90@deleon-jackson.com|Photography Studio
269|Keller-Reid|"64987 Allison Dam
Meganport, NC 87213"|689732689|khancock@blanchard.com|Photography Studio
270|Watson, Lin and Schwartz|"Unit 5968 Box 5518
DPO AE 82873"|430910350|martinezsarah@frazier.biz|Photography Studio
271|Stewart LLC|"82240 Jonathan Passage
North Justinshire, SD 60155"|650841748|dennisjames@edwards.com|Cleaning Service
272|Garza, Reed and Duran|"49968 Carrillo Mission
Sherrychester, IL 12647"|483216048|reidscott@blair.biz|Cleaning Service
273|Anderson LLC|"Unit 3033 Box 7990
DPO AA 51753"|810700556|darrellpotter@kim.biz|Cleaning Service
274|Allen, Mendez and Mcmahon|"1498 Christy Lake
Hatfieldborough, NM 72854"|523322458|zacharymcdonald@brown.net|Cleaning Service
275|Gordon and Sons|"3345 Huynh Prairie Suite 193
Christensenburgh, MT 16557"|809710028|jeromerose@macias-price.com|Cleaning Service
276|Wilson LLC|"6897 Wagner Shores Suite 367
Evansfort, WY 65626"|772610713|munozmichael@harding-burnett.info|Cleaning Service
277|Schroeder LLC|"595 Lindsay Station Suite 107
New Robert, WY 57102"|408047014|gsmith@larson.com|Cleaning Service
278|Guzman, Schneider and Mckee|"652 Salazar Plains
Marietown, VT 98819"|426056316|ycantu@harris.com|Cleaning Service
279|Rosales, Martinez and Roberts|"363 Jones Coves
South Anita, MP 27251"|607007868|devinfoster@huffman-haynes.com|Cleaning Service
280|Gibson Inc|"06721 Montgomery Spring Suite 044
Burchhaven, UT 16062"|779765034|ymontoya@wood.com|Cleaning Service
281|Alexander Inc|"Unit 1070 Box 9791
DPO AA 28625"|662023942|nscott@lindsey-walters.com|Cleaning Service
282|Lee-Taylor|"954 Hoffman Causeway Suite 237
Amandafurt, CO 95325"|217533220|serranopaul@williams.com|Cleaning Service
283|Jackson PLC|"582 Roberts Forks Apt. 320
New Megan, DC 04619"|867112896|jack41@lopez.com|Cleaning Service
284|Nguyen, Gonzalez and Welch|"286 Kenneth Lights
Mariahfurt, WY 49921"|799832712|april36@smith.org|Cleaning Service
285|Stone and Sons|"PSC 8289, Box 3068
APO AA 58644"|453672802|heathergrant@shaw.info|Cleaning Service
286|Raymond-Anderson|"504 Smith Crossroad Suite 377
Danielside, AR 71440"|369798339|riveracharles@pratt.info|Cleaning Service
287|Fox PLC|"227 Trevino Plain
Lorifort, MP 45959"|984962870|mschneider@hatfield.org|Cleaning Service
288|Martin and Sons|"25995 Jesse Squares
Mcculloughshire, AK 49098"|841392415|jherrera@sawyer.com|Cleaning Service
289|Thompson LLC|"2552 Troy Extensions
Port Gwendolyn, ND 41656"|189597269|jsmith@hernandez.com|Cleaning Service
290|Freeman-Bowers|"USNV Caldwell
FPO AA 32879"|288031543|allison95@fleming.com|Cleaning Service
291|Rice, Padilla and Miller|"59451 Guy Hills Suite 987
East Stacyburgh, AR 65896"|182353984|morgan42@payne-hernandez.biz|Cleaning Service
292|Andrade, Horn and Harris|"9432 Olson Turnpike Apt. 587
Williamhaven, RI 09587"|924241881|brownmichael@sanchez-brown.com|Cleaning Service
293|Rogers-Bradley|"USNV Hanson
FPO AP 31817"|781044228|christophercooper@smith.org|Cleaning Service
294|Gaines, Burton and Soto|"958 Alicia Rapids Suite 042
Harrisonview, NC 96789"|398120136|rogersjames@johnson.com|Cleaning Service
295|Hart-Green|"88325 Kevin Extension Apt. 845
Lake Michellechester, NH 52821"|521456870|blewis@bond.com|Cleaning Service
296|Rodriguez-Adams|"6530 Kelly Tunnel Apt. 717
Oconnorside, GU 47007"|399414492|shawnasanchez@adams.com|Cleaning Service
297|Lopez, Anthony and Bell|"709 Stephen Garden Suite 947
Jacquelinestad, ME 86283"|437762533|fhopkins@reeves-ortiz.org|Cleaning Service
298|Brady, Long and Haney|"35458 Crystal Lock Apt. 889
West Crystal, WA 87517"|246277320|gabrielle89@booth.com|Cleaning Service
299|Allen and Sons|"4098 Christian Ramp Suite 880
Port Joshuachester, OH 38042"|201905367|montgomeryjane@lawson.com|Cleaning Service
300|Daniel and Sons|"617 Denise Harbors Suite 061
Adamshire, AS 33504"|371251795|emily60@lopez.com|Cleaning Service
